<?xml version="1.0" encoding="UTF-8"?>
<project-private xmlns="http://www.netbeans.org/ns/project-private/1">
    <editor-bookmarks xmlns="http://www.netbeans.org/ns/editor-bookmarks/2" lastBookmarkId="0"/>
    <open-files xmlns="http://www.netbeans.org/ns/projectui-open-files/2">
        <group>
            <file>file:/D:/NetBeansProjects/ProyectoAWOAS/ProyectoVeterinaria/santa_maria_web/web/admin/modulo_cliente/cliente.js</file>
            <file>file:/D:/NetBeansProjects/ProyectoAWOAS/ProyectoVeterinaria/santa_maria_web/web/admin/modulo_empleado/empleado.html</file>
            <file>file:/D:/NetBeansProjects/ProyectoAWOAS/ProyectoVeterinaria/santa_maria_web/web/admin/modulo_empleado/empleado.js</file>
            <file>file:/D:/NetBeansProjects/ProyectoAWOAS/ProyectoVeterinaria/santa_maria_web/web/js/login.js</file>
        </group>
    </open-files>
</project-private>
